DATE,SHIPMENT ID,HS CODE,INDUSTRY,PRODUCT DESCRIPTION,BUYER COUNTRY,BUYER,DESTINATION PORT,SELLER COUNTRY,SELLER,ORIGIN PORT,UNIT,QUANTITY,VALUE(USD),UNIT PRICE
22-02-2025,0652365744,84669390,Machinery and Mechanical Appliances,ROTARY JOINT(LX76-234) SPARE PARTS WITH SEAL KIT,INDIA,RIX INDIA TRADING & SERVICE PRIVATE LIMITED,BOMBAY AIR CARGO (INBOM4),JAPAN,RIX CORP,TOKYO,NOS,25,"$3,177.01",$127.08
30-08-2024,1042616337,84879000,Machinery and Mechanical Appliances,(SPARE PARTS FOR CNC MACHINE FOR METAL WORKING) ROTARY UNION 9525002330,INDIA,JYOTI CNC AUTOMATION LIMITED,BOMBAY AIR CARGO (INBOM4),GERMANY,OTT JAKOB ,FRANKFURT AM MAIN,NOS,3,"$2,559.37",$853.12
30-08-2024,1042616336,84879000,Machinery and Mechanical Appliances,(SPARE PARTS FOR CNC MACHINE FOR METAL WORKING) ROTARY UNION 9526002652,INDIA,JYOTI CNC AUTOMATION LIMITED,BOMBAY AIR CARGO (INBOM4),GERMANY,OTT JAKOB ,FRANKFURT AM MAIN,NOS,2,"$1,948.70",$974.35
03-11-2025,4047415390,84879000,Machinery and Mechanical Appliances,PARTS OF ROTATING UNION SERVICE KIT .,INDIA,MACO CORPORATION INDIA PRIVATE LIMITED,KOLKATA AIR CARGO (INCCU4),UNITED STATES,DEUBLIN COMPANY 2050,CHICAGO,KGS,0.636,$431.21,$678.01
2/8/2025,1126114202,84849000,Machinery and Mechanical Appliances,SEAL(OR7208-15A-DIA13)FOR KJC ROTARY JOINT,INDIA,SILADITYA GANGULY,KOLKATA AIR CARGO (INCCU4),SOUTH KOREA,KWANGJIN INDUSTRIAL,BUSAN,NOS,4,$28.80,$7.20
16-12-2024,6977132352,40169390,Rubber,SEAL PACKING SET - FF-SE-1CA80BB310ABD-YGN CA-E1058877-E ROTARY JOINT AND OTHER PARTS,INDIA,RIX INDIA TRADING & SERVICE PRIVATE LIMITED,BOMBAY AIR CARGO (INBOM4),JAPAN,RIX CORP,FUKUOKA,NOS,2,$103.44,$51.72
16-12-2024,6977132632,40169390,Rubber,SEAL PACKING SET - FF-SE-1CA125BB280ABC-YGNJ CA-E1061814-E ROTARY JOINT AND OTHER PARTS,INDIA,RIX INDIA TRADING & SERVICE PRIVATE LIMITED,BOMBAY AIR CARGO (INBOM4),JAPAN,RIX CORP,FUKUOKA,NOS,1,$88.38,$88.39
16-12-2024,6977119653,40169390,Rubber,SEAL PACKING SET - FF-SE-1FA80AB100ABD-N FA-E1061841-E ROTARY JOINT AND OTHER PARTS,INDIA,RIX INDIA TRADING & SERVICE PRIVATE LIMITED,BOMBAY AIR CARGO (INBOM4),JAPAN,RIX CORP,FUKUOKA,NOS,1,$59.12,$59.13
16-12-2024,6977132633,40169390,Rubber,SEAL PACKING SET - FF-SE-1FA63CB30ABC-X FA-Q13236-E ROTARY JOINT AND OTHER PARTS,INDIA,RIX INDIA TRADING & SERVICE PRIVATE LIMITED,BOMBAY AIR CARGO (INBOM4),JAPAN,RIX CORP,FUKUOKA,NOS,2,$138.64,$69.32
16-12-2024,6977132634,40169390,Rubber,SEAL PACKING SET -FF-SE-1TC180BB300ABC-N TC-E1058855-E ROTARY JOINT AND OTHER PARTS,INDIA,RIX INDIA TRADING & SERVICE PRIVATE LIMITED,BOMBAY AIR CARGO (INBOM4),JAPAN,RIX CORP,FUKUOKA,NOS,2,$353.54,$176.77
16-12-2024,6977132353,40169390,Rubber,SEAL PACKING SET - FF-SE-1TC80BB810ABD-N TC-E1058861-E ROTARY JOINT AND OTHER PARTS,INDIA,RIX INDIA TRADING & SERVICE PRIVATE LIMITED,BOMBAY AIR CARGO (INBOM4),JAPAN,RIX CORP,FUKUOKA,NOS,1,$91.05,$91.06
16-12-2024,6977119654,40169390,Rubber,SEAL PACKING SET - FF-SE-1TC100BB2040ABD-YGN TC-E1061825-E ROTARY JOINT AND OTHER PARTS,INDIA,RIX INDIA TRADING & SERVICE PRIVATE LIMITED,BOMBAY AIR CARGO (INBOM4),JAPAN,RIX CORP,FUKUOKA,NOS,2,$239.17,$119.59
15-10-2025,7676146123,40169390,Rubber,ROTARY UNION SEAL RING (TYPE: SET) BOOSTER PUMP SEAL KIT,INDIA,BHAGYANAGAR COPPER PRIVATE Ltd,CHENNAI SEA (INMAA1),CHINA,BEIJING HOLLAND CO Limited,DALIAN,PIECE,20,$322.98,$16.15
15-10-2025,7676146123,40169390,Rubber,ROTARY UNION SEAL RING (TYPE: SET) BOOSTER PUMP SEAL KIT,INDIA,BHAGYANAGAR COPPER PRIVATE LIMITED,CHENNAI SEA (INMAA1),CHINA,BEIJING HOLLAND CO LTD,DALIAN,PIECE,20,$322.98,$16.15
17-06-2025,4092655349,74152100,Copper / Articles of copper,0-00066.01/- SEALING RING 0-001280-048 8-WAYS ROTARY UNION,INDIA,HOLLISTER MEDICAL INDIA PRIVATE LIMITED,DELHI AIR CARGO (INDEL4),GERMANY,ARBURG GMBH CO KG,FRANKFURT AM MAIN,PIECE,4,$6.45,$1.61
12-09-2025,5315968725,40169330,Rubber,KIT SEAL M RECOILER ROTARY UNION,INDIA,JINDAL STAINLESS LIMITED,PATPARGANJ (INPPG6),CHINA,SHANGHAI OG GROUP LIMITED,SHANGHAI,PIECE,1,$77.72,$77.72
08-11-2025,4047345693,40169330,Rubber,PRESS MACHINE PARTS - SEAL KIT FOR OIL ROTARY UNION - DDL-125 SR. HDDL0125042ZGPRESS MACHINE PARTS - SEAL KIT FOR OIL ROTARY UNION - DDL-12,INDIA,SAKAR ENGINEERS,BOMBAY AIR CARGO (INBOM4),CHINA,HOWFIT SCIENCE AND TECHNOLOGY,CHENGDU,NOS,1,$59.69,$59.70
04-06-2025,4096821037,84849000,Machinery and Mechanical Appliances,O Ring FOR HYDR. ROTARY UNION 7-PORT (DTLS/INV ),INDIA,STEEL AUTHORITY OF INDIA LIMITED,KOLKATA SEA (INCCU1),GERMANY,TML TECHNIK ,ANTWERPEN,SET,1,$686.26,$686.27
04-06-2025,4097036348,84314990,Machinery and Mechanical Appliances,ORing FOR HYDR. ROTARY UNION 7-PORT (DTLS/INV ),INDIA,STEEL AUTHORITY OF INDIA LIMITED,KOLKATA SEA (INCCU1),GERMANY,TML TECHNIK GMBH,ANTWERPEN,SET,1,$686.26,$686.27
26/7/2025,4586071851,84799090,Machinery and Mechanical Appliances,KJC ROTARY JOINT KR6314-12-R,INDIA,QUANTIC TECHNIEX PRIVATE LIMITED,BOMBAY AIR CARGO (INBOM4),SOUTH KOREA,KWANGJIN INDUSTRIAL,SEOUL,NOS,21,"$3,415.31",$162.63
28-08-2024,1042850949,84314990,Machinery and Mechanical Appliances,(PART NO: 332/W1660) GIUNTO ROTANTE 10 VIE 60 A-794-10 (PARTS OF EXCAVATOR),INDIA,JCB INDIA LIMITED,NHAVA SHEVA SEA (INNSA1),ITALY,ALA OFFICINE SPA,GENOA,NOS,80,"$18,836.97",$235.46
13-08-2024,1043712005,84314990,Machinery and Mechanical Appliances,(PART NO: 332/W1660) GIUNTO ROTANTE 10 VIE 60 A-794-10 (PARTS OF EXCAVATOR),INDIA,JCB INDIA LIMITED,NHAVA SHEVA SEA (INNSA1),ITALY,ALA OFFICINE SPA,GENOA,NOS,23,"$5,363.76",$233.21
28-08-2024,1042850946,84314990,Machinery and Mechanical Appliances,(PART NO: 332/W1660) GIUNTO ROTANTE 10 VIE 60 A-794-10 (PARTS OF EXCAVATOR),INDIA,JCB INDIA LIMITED,NHAVA SHEVA SEA (INNSA1),ITALY,ALA OFFICINE SPA,GENOA,NOS,95,"$22,368.90",$235.46
28-08-2024,1042850945,84314990,Machinery and Mechanical Appliances,(PART NO: 332/W1660) GIUNTO ROTANTE 10 VIE 60 A-794-10 (PARTS OF EXCAVATOR),INDIA,JCB INDIA LIMITED,NHAVA SHEVA SEA (INNSA1),ITALY,ALA OFFICINE SPA,GENOA,NOS,20,"$4,709.24",$235.46
17-12-2024,6978966078,84314920,Machinery and Mechanical Appliances,1085610 GIUNTO ROTANTE 15 VIE 124 A-856-10(AS PER INV)CRANEPARTS1085610 GIUNTO ROTANTE 15 VIE 124 A-856-10(AS PER INV)CRANE,INDIA,TIL LIMITED,KOLKATA AIR CARGO (INCCU4),ITALY,ALA OFFICINE SPA,MILAN,NOS,7,"$11,375.53","$1,625.08"
02-09-2024,7993247627,84879000,Machinery and Mechanical Appliances,1K-ROTARY UNION 1K-GD\9525002130 ( QTY 5 NOS),INDIA,OTT-JAKOB CLAMPING TECHNOLOGIES INDIA PRIVATE LIMI,AHMEDABAD (INAMD4),GERMANY,OTT JAKOB ,FRANKFURT AM MAIN,NOS,5,"$6,549.01","$1,309.80"
20-02-2025,0653608002,84879000,Machinery and Mechanical Appliances,ROTARY UNION\ 1K-GD-044\ 9525002720 ( QTY 3 NOS),INDIA,OTT-JAKOB CLAMPING TECHNOLOGIES INDIA PRIVATE LIMI,AHMEDABAD (INAMD4),GERMANY,OTT JAKOB SPANNTECHNIK GMBH,FRANKFURT AM MAIN,NOS,3,"$3,300.97","$1,100.32"
19-12-2024,6978982288,84879000,Machinery and Mechanical Appliances,ROTARY UNION 1K-GD-044 \ 9525002720 ( QTY 1 NOS) ROTARY UNION 1K-GD-044 \ 9525002720 ( QTY 1 NOS),INDIA,OTT-JAKOB CLAMPING TECHNOLOGIES INDIA PRIVATE LIMI,AHMEDABAD (INAMD4),GERMANY,OTT JAKOB ,FRANKFURT AM MAIN,NOS,1,"$1,106.71","$1,106.72"
20-02-2025,0653607999,84879000,Machinery and Mechanical Appliances,ROTARY UNION \ 1K-GDR \ 9525002330 \ ( QTY 5 NOS),INDIA,OTT-JAKOB CLAMPING TECHNOLOGIES INDIA PRIVATE LIMITED,AHMEDABAD (INAMD4),GERMANY,OTT JAKOB SPANNTECHNIK GMBH,FRANKFURT AM MAIN,NOS,5,"$4,569.03",$913.81
14-08-2024,1046381055,84879000,Machinery and Mechanical Appliances,9525002510 ROTARY UNION 1K-GDR-A,INDIA,BHARAT FRITZ WERNER LIMITED,BANGLORE AIR CARGO (INBLR4),GERMANY,OTT JAKOB ,FRANKFURT AM MAIN,NOS,1,$908.51,$908.51
14-08-2024,1046381053,84879000,Machinery and Mechanical Appliances,9525002510 ROTARY UNION 1K-GDR-A,INDIA,BHARAT FRITZWERNER LIMITED,BANGLORE AIR CARGO (INBLR4),GERMANY,OTT JAKOB ,FRANKFURT AM MAIN,NOS,1,"$1,036.09","$1,036.09"
02-09-2024,7993267755,84879000,Machinery and Mechanical Appliances,ROTARY UNION 1K-GDR-A \ 9525002510 ( QTY 1 NOS),INDIA,OTT-JAKOB CLAMPINGTECHNOLOGIES INDIA PRIVATE LIMI,AHMEDABAD (INAMD4),GERMANY,OTT JAKOB ,FRANKFURT AM MAIN,NOS,1,$978.24,$978.25
02-09-2024,7993267914,84879000,Machinery and Mechanical Appliances,ROTARY UNION 1K-GD-RA-08 \ 9525003320 ( QTY 1 NOS),INDIA,OTTJAKOB CLAMPING TECHNOLOGIES INDIA PRIVATE LIMI,AHMEDABAD (INAMD4),GERMANY,OTT JAKOB ,FRANKFURT AM MAIN,NOS,1,"$1,300.09","$1,300.09"
06-09-2024,7991630016,84799090,Machinery and Mechanical Appliances,KJC ROTARY JOINT - 2-1KR6414-15-A,INDIA,QUANTIC TECHN.IEX PRIVATE LIMITED,BOMBAY AIR CARGO (INBOM4),SOUTH KOREA,KWANGJIN,SEOUL,NOS,15,"$2,431.21",$162.08
06-09-2024,7991656659,84799090,Machinery and Mechanical Appliances,KJC ROTARY JOINT - 2-2KR6314-12-R,INDIA,QUANTIC TECHNIEX PRIVATE LIMITED,BOMBAY AIR CARGO (INBOM4),SOUTH KOREA,KWANGJIN,SEOUL,NOS,10,"$1,726.05",$172.61
06-09-2024,7991629347,84799090,Machinery and Mechanical Appliances,KJC ROTARY JOINT - 2-2OR6364-30-04,INDIA,QUANTIC TECHNIEX PRIVATE LIMITED,BOMBAY AIR CARGO (INBOM4),SOUTH KOREA,KWANGJIN,SEOUL,NOS,2,$673.58,$336.79
19-12-2024,6978986249,84879000,Machinery and Mechanical Appliances,2KA ROTARY UNION\ 2KA -R-M52X1\5 \ 9510150322 ( QTY 1 NOS) 2KA ROTARY UNION\ 2KA -R-M52X1\5 \ 9510150322 ( QTY 1 NOS),INDIA,OTT-JAKOB CLAMPINGT ECHNOLOGIES INDIA PRIVATE LIMI,AHMEDABAD (INAMD4),GERMANY,OTT JAKOB ,FRANKFURT AM MAIN,NOS,1,"$1,153.21","$1,153.22"
19-12-2024,6978982287,84879000,Machinery and Mechanical Appliances,ROTARY UNION \ 2KL-R-M42X1\5 \9510146522 ( QTY 1 NOS) ROTARY UNION \ 2KL-R-M42X1\5 \9510146522 ( QTY 1 NOS),INDIA,OTT-JAKOB CLAMPING TECHNOLOGIES INDIA PRIVATE LIMI,AHMEDABAD (INAMD4),GERMANY,OTT JAKOB ,FRANKFURT AM MAIN,NOS,1,$623.11,$623.11
16-12-2024,6977084912,27101990,Mineral Products,MOLYSPEED GREASE NO.1 (16KG CAN) 33141-TFE010 ROTARY JOINT AND OTHER PARTS,INDIA,RIX INDIA TRADING & SERVICE PRIVATE LIMITED,BOMBAY AIR CARGO (INBOM4),JAPAN,RIX CORP,FUKUOKA,NOS,2,$495.59,$247.80
16-12-2024,6977160053,82031000,Metals,CORE ID TRIMMING TOOL (TRUSCO) 432-8981 ROTARY JOINT AND OTHER PARTS,INDIA,RIX INDIA TRADING & SERVICE PRIVATE LIMI,BOMBAY AIR CARGO (INBOM4),JAPAN,RIX CORP,FUKUOKA,NOS,10,$42.49,$4.25
08-03-2025,1134470612,84836090,Machinery and Mechanical Appliances,525-1550-01R - ROTARY UNION G 1 RH SINGLE PASSAGE AS PER INVOICE525-1550-01R - ROTARY UNION G 1 RH SINGLE PASSAGE AS PER IN,INDIA,ROTOFLUX ROTARY JOINTS INDIA PRIVATE LIMITED,CHENNAI AIR CARGO (INMAA4),ITALY,ROTOFLUX SRL,MILAN,NOS,7,"$1,617.94",$231.13
13-03-2025,4761925815,84314990,Machinery and Mechanical Appliances,(PART NO: 403/C8130) GIUNTO ROTANTE 5 VIE 100 A-1310-2 (PARTS OF EXCAVATOR)(PART NO: 403/C8130) GIUNTO ROTANTE 5 VIE 100 A-1310-2 (PA,INDIA,JC  INDIA LIMITED,NHAVA SHEVA SEA (INNSA1),ITALY,ALA OFFICINE SPA,GENOA,NOS,15,"$7,146.03",$476.40
13-03-2025,4761925815,84314990,Machinery and Mechanical Appliances,(PART NO: 403/C8130) GIUNTO ROTANTE 5 VIE 100 A-1310-2 (PARTS OF EXCAVATOR)(PART NO: 403/C8130) GIUNTO ROTANTE 5 VIE 100 A-1310-2 (PA,INDIA,JCB INDIA LIMITED,NHAVA SHEVA SEA (INNSA1),ITALY,ALA OFFICINE SPA,GENOA,NOS,15,"$7,146.03",$476.40
13-03-2025,4762428564,84314990,Machinery and Mechanical Appliances,403/C8130 GIUNTO ROTANTE 5 VIE 100 A-1310-2 (ROTARY JOINT)(PARTS FOR EXCAVATOR)403/C8130 GIUNTO ROTANTE 5 VIE 100 A-1310-2 (ROTARY JOINT),INDIA,JCB INDIA LIMITED,BOMBAY AIR CARGO (INBOM4),ITALY,ALA OFFICINE SPA,VERONA,NOS,3,"$1,740.80",$580.27
13-03-2025,6303473692,84314990,Machinery and Mechanical Appliances,403/C8130 GIUNTO ROTANTE 5 VIE 100 A-1310-2 (ROTARY JOINT)(PARTS FOR EXCAVATOR)403/C8130 GIUNTO ROTANTE 5 VIE 100 A-1310-2 (ROTARY JOINT),INDIA,JCB INDIA LIMITED,BOMBAY AIR CARGO (INBOM4),ITALY,ALA OFFICINE SPA,VERONA,NOS,3,"$1,740.80",$580.27
26-02-2025,0650697832,84314990,Machinery and Mechanical Appliances,(PART NO: 403/C8130) GIUNTO ROTANTE 5 VIE 100 A-1310-2 (PARTS OF EXCAVATOR)(PART NO: 403/C8130) GIUNTO ROTANTE 5 VIE 100 A-1310-2 (PA,INDIA,JCB INDIA LIMITED,NHAVA SHEVA SEA (INNSA1),ITALY,ALA OFFICINE SPA,GENOA,NOS,13,"$5,947.76",$457.52
26-02-2025,0650697831,84314990,Machinery and Mechanical Appliances,(PART NO: 403/C8130) GIUNTO ROTANTE 5 VIE 100 A-1310-2 (PARTS OF EXCAVATOR)(PART NO: 403/C8130) GIUNTO ROTANTE 5 VIE 100 A-1310-2 (PA,INDIA,JCB INDIA LIMITED,NHAVA SHEVA SEA (INNSA1),ITALY,ALA OFFICINE SPA,GENOA,NOS,10,"$4,575.20",$457.52
26-02-2025,0650697830,84314990,Machinery and Mechanical Appliances,(PART NO: 403/C8130) GIUNTO ROTANTE 5 VIE 100 A-1310-2 (PARTS OF EXCAVATOR)(PART NO: 403/C8130) GIUNTO ROTANTE 5 VIE 100 A-1310-2 (PA,INDIA,JCB INDIA LIMITED,NHAVA SHEVA SEA (INNSA1),ITALY,ALA OFFICINE SPA,GENOA,NOS,8,"$3,660.16",$457.52
26-02-2025,0650697829,84314990,Machinery and Mechanical Appliances,(PART NO: 403/C8130) GIUNTO ROTANTE 5 VIE 100 A-1310-2 (PARTS OF EXCAVATOR)(PART NO: 403/C8130) GIUNTO ROTANTE 5 VIE 100 A-1310-2 (PA,INDIA,JCB INDIA LIMITED,NHAVA SHEVA SEA (INNSA1),ITALY,ALA OFFICINE SPA,GENOA,NOS,2,$915.04,$457.52
28-08-2024,1042850948,84314990,Machinery and Mechanical Appliances,(PART NO: 403/C8130) GIUNTO ROTANTE 5 VIE 100 A-1310-2 (PARTS OF EXCAVATOR),INDIA,JCB INDIA LIMITED,NHAVA SHEVA SEA (INNSA1),ITALY,ALA OFFICINE SPA,GENOA,NOS,13,"$6,185.86",$475.84
28-08-2024,1042850947,84314990,Machinery and Mechanical Appliances,(PART NO: 403/C8130) GIUNTO ROTANTE 5 VIE 100 A-1310-2 (PARTS OF EXCAVATOR),INDIA,JCB INDIA LIMITED,NHAVA SHEVA SEA (INNSA1),ITALY,ALA OFFICINE SPA,GENOA,NOS,7,"$3,330.84",$475.84
16-12-2024,6977235236,84833000,Machinery and Mechanical Appliances,BALL BEARING;6007ZZCM/5K;NTN CORPORATION 6007ZZ ROTARY JOINT AND OTHER PARTS,INDIA,RIX INDIA TRADING & SERVICE PRIVATE LIMITED,BOMBAY AIR CARGO (INBOM4),JAPAN,RIX CORP,FUKUOKA,NOS,3,$9.10,$3.04
16-12-2024,6977225012,84833000,Machinery and Mechanical Appliances,DEEP GROOVE BALL BEARING;6007ZZ;NTN CORP 6007ZZ ROTARY JOINT AND OTHER PARTS,INDIA,RIX INDIA TRADING & SERVICE PVT LTD,BOMBAY AIR CARGO (INBOM4),JAPAN,RIX CORP,FUKUOKA,NOS,8,$24.28,$3.04
19-03-2025,4762053319,84314990,Machinery and Mechanical Appliances,(PART NO: 402/L4851) GIUNTO ROTANTE 7 VIE 110 (PARTS OF EXCAVATOR)(PART NO: 402/L4851) GIUNTO ROTANTE 7 VIE 110 (PARTS OF EX,INDIA,JCB INDIA LIMITED,NHAVA SHEVA SEA (INNSA1),ITALY,ALA OFFICINE SPA,GENOA,NOS,5,"$4,904.15",$980.83
19-03-2025,4761918534,84314990,Machinery and Mechanical Appliances,(PART NO: 402/L4851) GIUNTO ROTANTE 7 VIE 110 (PARTS OF EXCAVATOR)(PART NO: 402/L4851) GIUNTO ROTANTE 7 VIE 110 (PARTS OF EX,INDIA,JCB INDIA LIMITED,NHAVA SHEVA SEA (INNSA1),ITALY,ALA OFFICINE SPA,GENOA,NOS,15,"$14,712.46",$980.83
30-08-2024,1042912007,84314990,Machinery and Mechanical Appliances,(PART NO:402/L4851) GIUNTO ROTANTE 7 VIE 110 (PARTS OF EXCAVATOR),INDIA,JCB INDIA LIMITED,NHAVA SHEVA SEA (INNSA1),ITALY,ALA OFFICINE SPA,GENOA,NOS,15,"$14,888.35",$992.56
30-08-2024,1042912006,84314990,Machinery and Mechanical Appliances,(PART NO:402/L4851) GIUNTO ROTANTE 7 VIE 110 (PARTS OF EXCAVATOR),INDIA,JCB INDIA LIMITED,NHAVA SHEVA SEA (INNSA1),ITALY,ALA OFFICINE SPA,GENOA,NOS,10,"$9,925.56",$992.56
08-03-2025,1134132497,84314930,Machinery and Mechanical Appliances,402/L4851 GIUNTO ROTANTE 7 VIE 110 A-1851-16 (PARTS FOR EXCAVATOR LOADER FOR CAPTIVE USE)402/L4851 GIUNTO ROTANTE 7 VIE 110 A-1851-16 (PARTS FOR EX,INDIA,JCB INDIA LIMITED,DELHI AIR CARGO (INDEL4),ITALY,ALA OFFICINE SPA,MILAN,NOS,15,"$15,275.15","$1,018.34"
08-03-2025,1134132497,84314930,Machinery and Mechanical Appliances,402/L4851 GIUNTO ROTANTE 7 VIE 110 A-1851-16 (PARTS FOR EXCAVATOR LOADER FOR CAPTIVE USE)402/L4851 GIUNTO ROTANTE 7 VIE 110 A-1851-16 (PARTS FOR EX,INDIA,JCB INDIA LIMITED,DELHI AIR CARGO (INDEL4),ITALY,ALA OFFICINE SPA,MILAN,NOS,15,"$15,275.15","$1,018.34"
19-03-2025,4762053319,84314990,Machinery and Mechanical Appliances,(PART NO: 402/L4851) GIUNTO ROTANTE 7 VIE 110 (PARTS OF EXCAVATOR)(PART NO: 402/L4851) GIUNTO ROTANTE 7 VIE 110 (PARTS OF EX,INDIA,JCB INDIA LIMITED,NHAVA SHEVA SEA (INNSA1),ITALY,ALA OFFICINE SPA,GENOA,NOS,5,"$4,904.15",$980.83
19-03-2025,4761918534,84314990,Machinery and Mechanical Appliances,(PART NO: 402/L4851) GIUNTO ROTANTE 7 VIE 110 (PARTS OF EXCAVATOR)(PART NO: 402/L4851) GIUNTO ROTANTE 7 VIE 110 (PARTS OF EX,INDIA,JCB INDIA Ltd,NHAVA SHEVA SEA (INNSA1),ITALY,ALA OFFICINE SPA,GENOA,NOS,15,"$14,712.46",$980.83
13-12-2024,6977018675,84314920,Machinery and Mechanical Appliances,GIUNTO ROTANTE 8 VIE 60 A-2116-2 - 309485 (PARTS OF MOTOR GRADER)GIUNTO ROTANTE 8 VIE 60 A-2116-2 - 309485,INDIA,ARX MINING AND CONSTRUCTION EQUIPMENT Pvt ltd,BANGLORE AIR CARGO (INBLR4),ITALY,ALA OFFICINE SPA,SIEGEN,NOS,2,$659.25,$329.63
13-12-2024,6976929556,84314920,Machinery and Mechanical Appliances,GIUNTO ROTANTE 8 VIE 60 A-2116-2 - 309485 (PARTS OF MOTOR GRADER)GIUNTO ROTANTE 8 VIE 60 A-2116-2 - 309485,INDIA,ARX MINING & CONSTRUCTION EQUIPMENT PRIVATE LIMITED,BANGLORE AIR CARGO (INBLR4),ITALY,ALA OFFICINE SPA,SIEGEN,NOS,6,"$1,977.77",$329.63
13-12-2024,6976924734,84314920,Machinery and Mechanical Appliances,GIUNTO ROTANTE 8 VIE 60 A-2116-2 - 309486 (PARTS OF MOTOR GRADER)GIUNTO ROTANTE 8 VIE 60 A-2116-2 - 309486,INDIA,ARX MINING AND CONSTRUCTION EQUIPMENT PRIVATE LIMITED,BANGLORE AIR CARGO (INBLR4),ITALY,ALA OFFICINE SPA,SIEGEN,NOS,3,$988.88,$329.63
13-12-2024,6976917156,84314920,Machinery and Mechanical Appliances,GIUNTO ROTANTE 8 VIE 60 A-2116-2 - 309486 (PARTS OF MOTOR GRADER)GIUNTO ROTANTE 8 VIE 60 A-2116-2 - 10211602,INDIA,ARX MINING AND CONSTRUCTION EQUIPMENT PRIVATE LIMITED,BANGLORE AIR CARGO (INBLR4),ITALY,ALA OFFICINE SPA,SIEGEN,NOS,3,$988.88,$329.63
13-12-2024,6976929563,84314920,Machinery and Mechanical Appliances,GIUNTO ROTANTE 8 VIE 60 A-2116-2 - 311398 (PARTS OF MOTOR GRADER)GIUNTO ROTANTE 8 VIE 60 A-2116-2 - 311398,INDIA,ARX MINING AND CONSTRUCTION EQUIPMENT PRIVATE LIMITED,BANGLORE AIR CARGO (INBLR4),ITALY,ALA OFFICINE SPA,SIEGEN,NOS,6,"$1,977.77",$329.63
13-12-2024,6976924756,84314920,Machinery and Mechanical Appliances,GIUNTO ROTANTE 8 VIE 60 A-2116-2 - 311398 (PARTS OF MOTOR GRADER)GIUNTO ROTANTE 8 VIE 60 A-2116-2 - 311398,INDIA,ARX MINING AND CONSTRUCTION Eqpt  PRIVATE LIMITED,BANGLORE AIR CARGO (INBLR4),ITALY,ALA OFFICINE SPA,SIEGEN,NOS,5,"$1,648.14",$329.63
08-03-2025,1134508846,84836090,Machinery and Mechanical Appliances,A08-1302-07L - ROTARY UNION M16 X 1\5 LH PT.16 AXIAL AS PERINVOICEA08-1302-07L - ROTARY UNION M16 X 1\5 LH PT.16 AXIAL AS PER,INDIA,ROTOFLUX ROTARY JOINTS INDIA PRIVATE LIMITED,CHENNAI AIR CARGO (INMAA4),ITALY,ROTOFLUX SRL,MILAN,NOS,5,"$1,044.67",$208.94
03-09-2024,7991703530,84836090,Machinery and Mechanical Appliances,A08-1501-05L - ROTARY UNION M16X1.5 LH PT.18 RADIAL AS PER INVOICE,INDIA,ROTOFLUX ROTARY JOINTS INDIA PRIVATE LIMITED,CHENNAI AIR CARGO (INMAA4),ITALY,ROTOFLUX ,MILAN,NOS,30,"$4,989.85",$166.33
03-09-2024,7991691559,84836090,Machinery and Mechanical Appliances,A08-1520-05L - ROTARY UNION M16X1.5 LH PT.18 RADIAL AS PER INVOICE,INDIA,ROTOFLUX ROTARY JOINTS INDIA PRIVATE LIMITED,CHENNAI AIR CARGO (INMAA4),ITALY,ROTOFLUX ,MILAN,NOS,30,"$5,804.52",$193.48
7/8/2025,1126344187,84836090,Machinery and Mechanical Appliances,(FOC) MD0075-00016 - GUINTO ROTANTE DUE VIE DA 3/4 - ROTARY UNIONMD0075-00016 - GUINTO ROTANTE DUE VIE DA,INDIA,JSW STEEL LIMITED,BANGLORE AIR CARGO (INBLR4),ITALY,GIROL S.R.L.,,NOS,55,$23.40,$0.43
03-09-2024,7991651531,84836090,Machinery and Mechanical Appliances,A10-1771-05L - ROTARY UNION M16X1.5 LH PT.18 RADIAL AS PER INVOICE,INDIA,ROTOFLUX ROTARY JOINTS INDIA PRIVATE LIMITED,CHENNAI AIR CARGO (INMAA4),ITALY,ROTOFLUX ,MILAN,NOS,30,"$2,885.29",$96.18
03-09-2024,7991681095,84836090,Machinery and Mechanical Appliances,A10-1773-05L - ROTARY UNION M16X1.5 LH PT.18 RADIAL AS PER INVOICE,INDIA,ROTOFLUX ROTARYJOINTS INDIA PRIVATE LIMITED,CHENNAI AIR CARGO (INMAA4),ITALY,ROTOFLUX ,MILAN,NOS,50,"$5,091.69",$101.83
08-03-2025,1134506782,84836090,Machinery and Mechanical Appliances,BOB-1612-06E - ROTARY UNION B08 BORE MOUNTED/RADIAL AS PER INVOICEBOB-1612-06E - ROTARY UNION B08 BORE MOUNTED/RADIAL AS PER I,INDIA,ROTOFLUX ROTARYJOINTS INDIA PRIVATE LIMITED,CHENNAI AIR CARGO (INMAA4),ITALY,ROTOFLUX SRL,MILAN,NOS,5,"$1,893.47",$378.70
16-12-2024,6977307534,85444999,Machinery and Mechanical Appliances,MOTOR CABLE (WATANABE) CBA-200 ROTARY JOINT AND OTHER PARTS,INDIA,RIX INDIA TRADING & SERVICE PRIVATE LIMITED,BOMBAY AIR CARGO (INBOM4),JAPAN,RIX CORP,FUKUOKA,NOS,3,$24.40,$8.13
16-12-2024,6977387234,85444999,Machinery and Mechanical Appliances,INTERCONNECTION CABLE (WATANABE) CBAA-50 ROTARY JOINT AND OTHER PARTS,INDIA,RIX INDIA TRADING & SERVICE PRIVATE LIMITED,BOMBAY AIR CARGO (INBOM4),JAPAN,RIX CORP,FUKUOKA,NOS,5,$24.28,$4.86
21-12-2024,6979274668,84818090,Machinery and Mechanical Appliances,ROTARY JOINT DQLB 280 ( C/O - DE)(DTLS. AS PER INVOICE) ROTARY JOINT DQLB 280 (DTLS. AS PER INVOICE),INDIA,IVL DHUNSERI PETROCHEM INDUSTRIES PRIVAT,KOLKATA AIR CARGO (INCCU4),GERMANY,CHRISTIAN MAIER ,,NOS,1,"$13,565.96","$13,565.96"
16-12-2024,6977283851,85365090,Machinery and Mechanical Appliances,BUZZER (FUJI ELECTRIC) DR22B5-EB AC/DC 12-24V ROTARY JOINT AND OTHER PARTS,INDIA,RIX INDIA TRADING & SERVICE PRIVATE LIMITED,BOMBAY AIR CARGO (INBOM4),JAPAN,RIX CORP,FUKUOKA,NOS,5,$117.16,$23.43
15-10-2025,7676060884,84818090,Machinery and Mechanical Appliances,ROTARY JOINT DS 125R111 1124001657-MB -1124001657-ET,INDIA,BENNINGER INDIA PRIVATE LIMITED,BOMBAY AIR CARGO (INBOM4),GERMANY,CHRISTIAN MAIER GMBH AND CO KG,FRANKFURT AM MAIN,PIECE,32,"$8,496.74",$265.52
15-10-2025,7675939220,84818090,Machinery and Mechanical Appliances,ROTARY JOINT DS 125L111 1124001658-MB -1124001658-ET,INDIA,BENNINGER INDIA PRIVATE LIMITED,BOMBAY AIR CARGO (INBOM4),GERMANY,CHRISTIAN MAIER GMBH AND CO KG,FRANKFURT AM MAIN,PIECE,32,"$8,496.74",$265.52
23-12-2024,6979278715,84818090,Machinery and Mechanical Appliances,1124001657 - ROTARY JOINT DS 125R111 (PARTS FOR TEXTILE STENTER MACHINE) QTY 2 PCS COO. GERMANY1124001657 - ROTARY JOINT DS 125R111 (PARTS FOR TEXTILE STEN,INDIA,INSPIRON ENGINEERING PRIVATE LIMITED,AHMEDABAD (INAMD4),GERMANY,CHRISTIAN MAIER ,STUTTGART,NOS,2,$666.17,$333.09
27/6/2025,4095335655,84818090,Machinery and Mechanical Appliances,ROTARY JOINT DS 125L111 1124001658-MB-1124001658-ET ROTARY JOINT,INDIA,MENZEL ENGG.INDIA PRIVATE LIMITED,BOMBAY AIR CARGO (INBOM4),GERMANY,CHRISTIAN MAIER GMBH AND CO KG,STUTTGART,NOS,6,"$1,821.17",$303.53
27/6/2025,4095289948,84818090,Machinery and Mechanical Appliances,ROTARY JOINT DS 125R111 1124001657-MB1124001657-ET ROTARY JOINT,INDIA,MENZEL ENGG.INDIAPRIVATELIMITED,BOMBAY AIR CARGO (INBOM4),GERMANY,CHRISTIAN MAIER GMBH AND CO KG,STUTTGART,NOS,6,"$1,821.17",$303.53
08-10-2025,7677081122,84481900,Machinery and Mechanical Appliances,ROTARY JOINT DS 225L511-S5039 1124005039-1124005039-MB ARTICLE NO.1124005039 - PARTS FOR TEXTILE MACHINERY.ROTARY JOINT DS 225L511-S5039 1124005039-1124005039-MB ARTIC,INDIA,JUPITER MACHINERIES,AHMEDABAD (INAMD4),GERMANY,CHRISTIAN MAIER GMBH AND CO KG,FRANKFURT AM MAIN,PIECE,1,$571.51,$571.51
05-09-2025,5313652046,84818090,Machinery and Mechanical Appliances,ROTARY JOINT DS 240R111 1124001731-MB -1124001731-ET,INDIA,BENNINGER INDIA PRIVATE LIMITED,BOMBAY AIR CARGO (INBOM4),GERMANY,CHRISTIAN MAIER GMBH AND CO KG,FRANKFURT AM MAIN,PIECE,3,"$1,475.84",$491.95
9/6/2025,4096588233,84818090,Machinery and Mechanical Appliances,1124001546 ROTARY JOINT DS 265R123 (INDUSTRIAL USE) (CAPTIVECONSUMPTION)1124001546 ROTARY JOINT DS 265R123 (INDUSTRIAL USE) (CAPTIVE,INDIA,JINDAL STEEL ODISHA LIMITED,KOLKATA AIR CARGO (INCCU4),GERMANY,CHRISTIAN MAIER GMBH AND CO KG,STUTTGART,NOS,1,"$2,222.94","$2,222.94"
3/7/2025,4585405009,84818090,Machinery and Mechanical Appliances,1105535-062 ROTARY JOINT DXSR 265 K-62 MB11677 / ETL-MB11678(PART FOR PAPER MAKING MACHINE)1105535-062 ROTARY JOINT DXSR 265 K-62 MB11677 / ETL-MB11678,INDIA,SHAH PAPER MILLS LIMITED,BOMBAY AIR CARGO (INBOM4),GERMANY,CHRISTIAN MAIER GMBH AND CO KG,STUTTGART,NOS,1,"$5,073.43","$5,073.44"
16-12-2024,6977290397,85365090,Machinery and Mechanical Appliances,BARRIER RELAY EB3C-R10AN ROTARY JOINT AND OTHER PARTS,INDIA,RIX INDIA TRADING & SERVICE PRIVATE LIMITED,BOMBAY AIR CARGO (INBOM4),JAPAN,RIX CORP,FUKUOKA,NOS,2,$537.59,$268.80
16-12-2024,6977215941,84669390,Machinery and Mechanical Appliances,ROTARY JOINT- ES50-10552 ROTARY JOINT AND OTHER PARTS,INDIA,RIX INDIA TRADING & SERVICE PRIVATE LIMITED,BOMBAY AIR CARGO (INBOM4),JAPAN,RIX CORP,FUKUOKA,NOS,57,"$2,858.09",$50.14
16-12-2024,6977353900,90279090,Engineering,FLOW CHECKER FILTER ELEMENT FC-32PE ROTARY JOINT AND OTHER PARTS,INDIA,RIX INDIA TRADING & SERVICE PRIVATE LIMITED,BOMBAY AIR CARGO (INBOM4),JAPAN,RIX CORP,FUKUOKA,NOS,5,$101.37,$20.28
16-12-2024,6977181278,84212900,Machinery and Mechanical Appliances,MASUDA FILTER ELEMENT (MASUDA) FPL-06-10P ROTARY JOINT AND OTHER PARTS,INDIA,RIX INDIA TRADING & SERVICE PRIVATE LIMITED,BOMBAY AIR CARGO (INBOM4),JAPAN,RIX CORP,FUKUOKA,NOS,6,$495.34,$82.56
16-12-2024,6977290409,85365090,Machinery and Mechanical Appliances,OUTLET WITH EARTH LEAKAGE BREAKER GFR15I ROTARY JOINT AND OTHER PARTS,INDIA,RIX INDIA TRADING & SERVICE PRIVATE LIMITED,BOMBAY AIR CARGO (INBOM4),JAPAN,RIX CORP,FUKUOKA,NOS,1,$53.54,$53.54
16-12-2024,6977340675,90319000,Engineering,ACTIVE SPEAKER (ONKYO) GX-100HD(B) ROTARY JOINT AND OTHER PARTS,INDIA,RIX INDIA TRADING & SERVICE PRIVATE LIMITED,BOMBAY AIR CARGO (INBOM4),JAPAN,RIX CORP,FUKUOKA,NOS,2,$355.97,$177.99
10-12-2024,6976411997,84818090,Machinery and Mechanical Appliances,1108211 ROTARY JOINT H 125 L 1108211 ROTARY JOINT H 125 L,INDIA,KUSTERS CALICO MACHINERY PRIVATE LIMITED,BOMBAY AIR CARGO (INBOM4),GERMANY,CHRISTIAN MAIER ,STUTTGART,NOS,2,$668.91,$334.46
10-12-2024,6976411996,84818090,Machinery and Mechanical Appliances,1108210 ROTARY JOINT H 125 R 1108210 ROTARY JOINT H 125 R,INDIA,KUSTERS CALICO MACHINERY PRIVATE LIMITED,BOMBAY AIR CARGO (INBOM4),GERMANY,CHRISTIAN MAIER ,STUTTGART,NOS,2,$668.91,$334.46
17-08-2024,1043341583,84818090,Machinery and Mechanical Appliances,1108213-A ROTARY JOINT H 225 R,INDIA,TEXFAB ENGINEERS IPRIVATE LIMITED,BOMBAY AIR CARGO (INBOM4),CHINA,MAIER ROTARY JOINTS KUNSHANCO. LT,SHANGHAI,NOS,5,"$1,473.69",$294.74
17-08-2024,1043341582,84818090,Machinery and Mechanical Appliances,1108214-A ROTARY JOINT H 225 L,INDIA,TEXFAB ENGINEERS IPRIVATE LIMITED,BOMBAY AIR CARGO (INBOM4),CHINA,MAIER ROTARY JOINTS KUNSHANCO. LT,SHANGHAI,NOS,5,"$1,473.69",$294.74
12-09-2024,7993493043,84818090,Machinery and Mechanical Appliances,1108363-A ROTARY JOINT H 232 R,INDIA,DHARA ENGINEERING WORKS,AHMEDABAD (INAMD4),CHINA,MAIER ROTARY JOINTS KUNSHANCO. LT,SHANGHAI,NOS,5,"$1,565.21",$313.04
12-09-2024,7993509178,84818090,Machinery and Mechanical Appliances,1108354-A ROTARY JOINT H 232 L,INDIA,DHARA ENGINEERING WORKS,AHMEDABAD (INAMD4),CHINA,MAIER ROTARY JOINTS KUNSHANCO. LT,SHANGHAI,NOS,5,"$1,565.21",$313.04
29-08-2024,1046062112,84818090,Machinery and Mechanical Appliances,ROTARY JOINT H 232 R (PART NO. 1108353-A),INDIA,KCM TECHNOLOGIES PRIVATE LIMITED,SABARMATI ICD (INSBI6),CHINA,MAIER ROTARY JOINTS KUNSHANCO. LT,SHANGHAI,NOS,24,"$6,184.99",$257.71
29-08-2024,1046062113,84818090,Machinery and Mechanical Appliances,ROTARY JOINT H 232 L (PART NO. 1108354-A),INDIA,KCM TECHNOLOGIES PRIVATE LIMITED,SABARMATI ICD (INSBI6),CHINA,MAIER ROTARY JOINTS KUNSHANCO. LT,SHANGHAI,NOS,23,"$5,927.29",$257.71
27/6/2025,4095367261,84818090,Machinery and Mechanical Appliances,ROTARY JOINT H 232 L (1108354) ROTARY JOINT,INDIA,MENZEL ENGG.INDIA PRIVATE LIMITED,BOMBAY AIR CARGO (INBOM4),GERMANY,CHRISTIAN MAIER GMBH AND CO KG,STUTTGART,NOS,5,"$1,368.36",$273.67
27/6/2025,4095252607,84818090,Machinery and Mechanical Appliances,ROTARY JOINT H 232 R (1108353) ROTARY JOINT,INDIA,MENZEL ENGNEERING INDIA PRIVATE LIMITED,BOMBAY AIR CARGO (INBOM4),GERMANY,CHRISTIAN MAIER GMBH AND CO KG,STUTTGART,NOS,5,"$1,368.36",$273.67
03-09-2025,5314811975,84818090,Machinery and Mechanical Appliances,ROTARY JOINT H232L (QUANTITY: 6),INDIA,PRISM TEXTILE MACHINERY,AHMEDABAD (INAMD4),GERMANY,CHRISTIAN MAIER GMBH AND CO KG,STUTTGART,NOS,6,"$2,430.58",$405.10
03-09-2025,5314681884,84818090,Machinery and Mechanical Appliances,ROTARY JOINT H232R (QUANTITY: 6),INDIA,PRISM EXTILE MACHINERY,AHMEDABAD (INAMD4),GERMANY,CHRISTIAN MAIER GMBH AND CO KG,STUTTGART,NOS,6,"$2,430.58",$405.10
10-12-2024,6976411999,84818090,Machinery and Mechanical Appliances,1108217 ROTARY JOINT H 325 L 1108217 ROTARY JOINT H 325 L,INDIA,KUSTERS CALICO MACHINERY PRIVATE LIMITED,BOMBAY AIR CARGO (INBOM4),GERMANY,CHRISTIAN MAIER ,STUTTGART,NOS,6,"$2,038.10",$339.68
10-12-2024,6976411998,84818090,Machinery and Mechanical Appliances,1108216 ROTARY JOINT H 325 R 1108216 ROTARY JOINT H 325 R,INDIA,KUSTERS CALICO MACHINERY PRIVATE LIMITED,BOMBAY AIR CARGO (INBOM4),GERMANY,CHRISTIAN MAIER ,STUTTGART,NOS,9,"$3,057.16",$339.68
19-12-2024,6977320605,84819090,Machinery and Mechanical Appliances,ROTARY JOINT H332 R 1108356 ROTARY JOINT H332 R 1108356,INDIA,RAYMOND LUXURY COTTONS LIMITED,BOMBAY AIR CARGO (INBOM4),GERMANY,CHRISTIAN MAIER ,STUTTGART,NOS,2,"$1,617.49",$808.75
19-12-2024,6977320604,84819090,Machinery and Mechanical Appliances,ROTARY JOINT H332 L 1108357 ROTARY JOINT H332 L 1108357,INDIA,RAYMOND LUXURY COTTONSLTD,BOMBAY AIR CARGO (INBOM4),GERMANY,CHRISTIAN MAIER ,STUTTGART,NOS,3,"$2,426.24",$808.75
19-12-2024,6977320604,84819090,Machinery and Mechanical Appliances,ROTARY JOINT H332 L 1108357,INDIA,RAYMOND LUXURY COTTONS LIMITED,BOMBAY AIR CARGO (INBOM4),GERMANY,CHRISTIAN MAIER GMBH AND CO KG,STUTTGART,NOS,3,"$2,426.24",$808.75
19-12-2024,6977320605,84819090,Machinery and Mechanical Appliances,ROTARY JOINT H332 R 1108356,INDIA,RAYMOND LUXURY COTTONS LIMITED,BOMBAY AIR CARGO (INBOM4),GERMANY,CHRISTIAN MAIER GMBH AND CO KG,STUTTGART,NOS,2,"$1,617.49",$808.75
16-12-2024,6977224431,84818090,Machinery and Mechanical Appliances,REDUCING VALVE HG1-DG2-06 ROTARY JOINT AND OTHER PARTS,INDIA,RIX INDIA TRADING & SERVICE PRIVATE LIMITED,BOMBAY AIR CARGO (INBOM4),JAPAN,RIX CORP,FUKUOKA,NOS,1,$292.23,$292.23
16-12-2024,6977308965,85389000,Machinery and Mechanical Appliances,HMI MFM8-CR ROTARY JOINT AND OTHER PARTS,INDIA,RIX INDIA TRADING & SERVICE PRIVATE LIMITED,BOMBAY AIR CARGO (INBOM4),JAPAN,RIX CORP,FUKUOKA,NOS,1,"$2,719.07","$2,719.08"
23-12-2024,6977674799,84818090,Machinery and Mechanical Appliances,1108565 ROTARY JOINT HW 150 R 1108565 ROTARY JOINT HW 150 R,INDIA,LORA TRADEX PRIVATE LIMITED,BOMBAY AIR CARGO (INBOM4),GERMANY,CHRISTIAN MAIER ,STUTTGART,NOS,4,"$4,104.41","$1,026.10"
23-12-2024,6977674799,84818090,Machinery and Mechanical Appliances,1108565 ROTARY JOINT HW 150 R,INDIA,LORA TRADEX PRIVATE LIMITED,BOMBAY AIR CARGO (INBOM4),GERMANY,CHRISTIAN MAIER GMBH AND CO KG,STUTTGART,NOS,4,"$4,104.41","$1,026.10"
6/6/2025,4096972136,84818090,Machinery and Mechanical Appliances,ROTARY JOINT HWR 2100 K-400 MB6161 (DTLS. AS PER INVOICE),INDIA,IVL DHUNSERI PETROCHEM INDUSTRIES PRIVATE LIMITED,KOLKATA AIR CARGO (INCCU4),GERMANY,CHRISTIAN MAIER GMBH AND CO KG,STUTTGART,NOS,1,"$6,604.35","$6,604.35"
15-03-2025,4762201467,84314930,Machinery and Mechanical Appliances,402/J8091 GIUNTO ROTANTE (ROTARY JOINT) (PARTS FOR EXCAVATOR LOADER FOR CAPTIVE USE)402/J8091 GIUNTO ROTANTE (ROTARY JOINT) (PARTS FOR EXCAVAT,INDIA,J C B INDIA LIMITED,DELHI AIR CARGO (INDEL4),ITALY,ALA OFFICINE SPA,MILAN,NOS,3,"$15,788.67","$5,262.89"
15-03-2025,6302063069,84314930,Machinery and Mechanical Appliances,402/J8091 GIUNTO ROTANTE (ROTARY JOINT) (PARTS FOR EXCAVATOR LOADER FOR CAPTIVE USE)402/J8091 GIUNTO ROTANTE (ROTARY JOINT) (PARTS FOR EXCAVAT,INDIA,JCB INDIA LIMITED,DELHI AIR CARGO (INDEL4),ITALY,ALA OFFICINE SPA,MILAN,NOS,3,"$15,788.67","$5,262.89"
03-09-2024,7991650133,84836090,Machinery and Mechanical Appliances,K10-1720-03E - ROTARY UNION K10 IN THE SHAFT MOUNTING SIC/CGAS PER INVOICE,INDIA,ROTOFLUX ROTARY JOINTS INDIA PRIVATE LIMITED,CHENNAI AIR CARGO (INMAA4),ITALY,ROTOFLUX ,MILAN,NOS,2,"$1,470.93",$735.47
6/8/2025,1126434436,84799090,Machinery and Mechanical Appliances,KJC ROTARY JOINT - KR2208-20A-8A,INDIA,QUANTIC TECHNIEX PRIVATE LIMITED,SABARMATI ICD (INSBI6),SOUTH KOREA,KWANGJIN INDUSTRIAL,BUSAN(KOREA),NOS,10,$676.75,$67.68
6/8/2025,1126449473,84799090,Machinery and Mechanical Appliances,KJC ROTARY JOINT - KR2208-25A-10A,INDIA,QUANTIC TECHNIEX PRIVATE LTD,SABARMATI ICD (INSBI6),SOUTH KOREA,KWANGJIN INDUSTRIAL,BUSAN(KOREA),NOS,2,$162.01,$81.01
6/8/2025,1126466786,84799090,Machinery and Mechanical Appliances,KJC ROTARY JOINT - KR2209-20A-8A,INDIA,QUANTIC TECHNIEX PRIVATE LIMITED,SABARMATI ICD (INSBI6),SOUTH KOREA,KWANGJIN INDUSTRIAL,BUSAN(KOREA),NOS,10,$687.01,$68.70
6/8/2025,1126747507,84799090,Machinery and Mechanical Appliances,KJC ROTARY JOINT - KR2218-20A,INDIA,QUANTICECHNIEX PRIVATE LIMITED,SABARMATI ICD (INSBI6),SOUTH KOREA,KWANGJIN INDUSTRIAL,BUSAN(KOREA),NOS,10,$645.99,$64.60
6/8/2025,1126467139,84799090,Machinery and Mechanical Appliances,KJC ROTARY JOINT - KR2218-25A,INDIA,QUANTIC TECHNIEX PRIVATE LIMITED,SABARMATI ICD (INSBI6),SOUTH KOREA,KWANGJIN INDUSTRIAL,BUSAN(KOREA),NOS,5,$384.52,$76.90
6/8/2025,1126736904,84799090,Machinery and Mechanical Appliances,KJC ROTARY JOINT - KR2219-20A,INDIA,QUANTIC TECHNIEX PRIVATE LIMITED,SABARMATI ICD (INSBI6),SOUTH KOREA,KWANGJIN INDUSTRIAL,BUSAN(KOREA),NOS,10,$645.99,$64.60
6/8/2025,1126469001,84799090,Machinery and Mechanical Appliances,KJC ROTARY JOINT - KR2219-25A,INDIA,QUANTIC TECHNIEX PRIVATE LIMITED,SABARMATI ICD (INSBI6),SOUTH KOREA,KWANGJIN INDUSTRIAL,BUSAN(KOREA),NOS,5,$384.52,$76.90
23-08-2024,1046059537,84799090,Machinery and Mechanical Appliances,KJC ROTARY JOINT - KR6314-12-R,INDIA,QUANTIC TECHNIEX PRIVATE LIMITED,SABARMATI ICD (INSBI6),SOUTH KOREA,KWANGJIN,BUSAN(KOREA),NOS,7,"$1,200.00",$171.43
21-03-2025,6304892502,84799090,Machinery and Mechanical Appliances,KJC ROTARY JOINT - KR6314-20-A,INDIA,QUANTIC TECHNIEX PRIVATE LIMITED,SABARMATI ICD (INSBI6),SOUTH KOREA,KWANGJIN INDUSTRIAL,BUSAN(KOREA),NOS,5,"$1,293.84",$258.77
21-03-2025,6304892502,84799090,Machinery and Mechanical Appliances,KJC ROTARY JOINT - KR6314-20-A,INDIA,QUANTIC TECHNIEX PRIVATE LIMITED,SABARMATI ICD (INSBI6),SOUTH KOREA,KWANGJIN INDUSTRIAL,BUSAN(KOREA),NOS,5,"$1,293.84",$258.77
21-03-2025,6304892502,84799090,Machinery and Mechanical Appliances,KJC ROTARY JOINT - KR6314-20-A,INDIA,QUANTIC TECHNIEX PRIVATE LIMITED,SABARMATI ICD (INSBI6),SOUTH KOREA,KWANGJIN INDUSTRIAL,BUSAN(KOREA),NOS,5,"$1,293.84",$258.77
21-03-2025,6304892503,84799090,Machinery and Mechanical Appliances,KJC ROTARY JOINT - KR6314-20-R,INDIA,QUANTICTECHNIEX PRIVATELIMITED,SABARMATI ICD (INSBI6),SOUTH KOREA,KWANGJIN INDUSTRIAL,BUSAN(KOREA),NOS,1,$258.76,$258.77
21-03-2025,6304892503,84799090,Machinery and Mechanical Appliances,KJC ROTARY JOINT - KR6314-20-R,INDIA,QUANTIC TECHNIEX PRIVATE LIMITED,SABARMATI ICD (INSBI6),SOUTH KOREA,KWANGJIN INDUSTRIAL,BUSAN(KOREA),NOS,1,$258.76,$258.77
26/7/2025,4586076523,84799090,Machinery and Mechanical Appliances,KJC ROTARY JOINT KR6414-15-A,INDIA,QUANTIC TECHNIEX PRIVATE LIMITED,BOMBAY AIR CARGO (INBOM4),SOUTH KOREA,KWANGJIN INDUSTRIAL,SEOUL,NOS,5,$771.47,$154.29
23-08-2024,1046059536,84799090,Machinery and Mechanical Appliances,KJC ROTARY JOINT - KR6414-15-A,INDIA,QUANTIC TECHNIEX PRIVATEEE LIMITED,SABARMATI ICD (INSBI6),SOUTH KOREA,KWANGJIN,BUSAN(KOREA),NOS,3,$482.93,$160.98
28-08-2024,1045893177,84559000,Machinery and Mechanical Appliances,KR6701-32A-8A KJC ROTARY JOINT/ SWIVEL JOINT,INDIA,SILADITYA GANGULY,KOLKATA AIR CARGO (INCCU4),SOUTH KOREA,KWANGJIN,BUSAN,NOS,1,$495.00,$495.00
16-12-2024,6977304931,84669390,Machinery and Mechanical Appliances,ROTARY JOINT- LX76-234 ROTARY JOINT AND OTHER PARTS,INDIA,RIX INDIA TRADING & SERVICE PRIVATE LIMITED,BOMBAY AIR CARGO (INBOM4),JAPAN,RIX CORP,FUKUOKA,NOS,20,"$2,627.29",$131.36
18-03-2025,4762770921,84669390,Machinery and Mechanical Appliances,ROTARY JOINT LX84-234-10463 ROTARY JOINT LX84-234-10463,INDIA,RIX INDIA TRADING & SERVICE PRIVATE LIMITED,BOMBAY AIR CARGO (INBOM4),JAPAN,RIX CORP,OSAKA,NOS,1,$385.94,$385.94
18-03-2025,4762497011,84879000,Machinery and Mechanical Appliances,ROTARY JOINT LX86I-244 SPARE PARTS,INDIA,RIX INDIA TRADING AND SERVICE PRIVATE LIMITED,BOMBAY AIR CARGO (INBOM4),JAPAN,RIX CORP,OSAKA,NOS,5,"$1,084.55",$216.91
03-09-2024,7991681096,84836090,Machinery and Mechanical Appliances,M210-1002-01R - ROTARY UNION G 1 DOUBLE PASSAGE 3/8 RADIAL AS PER INVOICE,INDIA,ROTOFLUX ROTARY JOINTS INDIA PRIVATE LIMITED,CHENNAI AIR CARGO (INMAA4),ITALY,ROTOFLUX ,MILAN,NOS,2,$554.42,$277.21
08-03-2025,1134924386,84836090,Machinery and Mechanical Appliances,M410-1000-03F - ROTARY UNION FLANGED 4 PASSAGE 3/8 AXIAL ASPER INVOICEM410-1000-03F - ROTARY UNION FLANGED 4 PASSAGE 3/8 AXIAL AS,INDIA,ROTOFLUX ROTARY JOINTS INDIA PRIVATE LIMITED,CHENNAI AIR CARGO (INMAA4),ITALY,ROTOFLUX SRL,MILAN,NOS,1,$547.15,$547.15
16-12-2024,6977232257,84818090,Machinery and Mechanical Appliances,SOLENOID VALVE (NACHI) ZR-G01-P-2666B M4340143HA6 ROTARY JOINT AND OTHER PARTS,INDIA,RIX INDIA TRADING & SERVICE PRIVATE LIMITED,BOMBAY AIR CARGO (INBOM4),JAPAN,RIX CORP,FUKUOKA,NOS,3,$857.75,$285.92
16-12-2024,6977224432,84818090,Machinery and Mechanical Appliances,VARIABLE PISTON PUMP (NACHI) PVS-1A-22W2S1-12 M4370210LH3 ROTARY JOINT AND OTHER PARTS,INDIA,RIX INDIA TRADING & SERVICE PRIVATE LIMITED,BOMBAY AIR CARGO (INBOM4),JAPAN,RIX CORP,FUKUOKA,NOS,3,"$3,079.17","$1,026.39"
16-12-2024,6977177823,84313990,Machinery and Mechanical Appliances,DRIVE WHEEL (ARAKI) M49560503 ROTARY JOINT AND OTHER PARTS,INDIA,RIX INDIA TRADING & SERVICE PRIVATE LIMITED,BOMBAY AIR CARGO (INBOM4),JAPAN,RIX CORP,FUKUOKA,NOS,1,$326.71,$326.71
16-12-2024,6977190691,84128090,Machinery and Mechanical Appliances,AIR MOTOR-TAM4-015LG020 M4T06010168 ROTARY JOINT AND OTHER PARTS,INDIA,RIX INDIA TRADING & SERVICE PRIVATE LIMITED,BOMBAY AIR CARGO (INBOM4),JAPAN,RIX CORP,FUKUOKA,NOS,1,$772.16,$772.16
06-06-2025,4093249239,84836090,Machinery and Mechanical Appliances,MD0075 00031 GIUNTO ROTANTE ROTRY UNION,INDIA,SMS INDIA PRIVATE LIMITED,DELHI AIR CARGO (INDEL4),ITALY,GIROL S.R.L.,MILAN,NOS,8,"$3,762.29",$470.29
22-10-2025,7675297427,84836090,Machinery and Mechanical Appliances,GIUNTO ROTANTE DUE VIE DA 3/4 ITEM 30 (MD0075-00016),INDIA,SMS INDIA PRIVATE LIMITED,BANGLORE AIR CARGO (INBLR4),ITALY,GIROL S.R.L.,,PIECE,55,"$7,511.29",$136.57
27-06-2025,4094380366,84836090,Machinery and Mechanical Appliances,GUNTO ROTANTE DUE VIE DA 3/4 (MD0075-00016),INDIA,SMS INDIA PRIVATE LIMITED,BANGLORE AIR CARGO (INBLR4),ITALY,GIROL S.R.L.,MILAN,PIECE,5,$670.60,$134.12
28-07-2025,4586628721,84836090,Machinery and Mechanical Appliances,GIUNTO ROTANTE (MD0075-00052) MATERIAL NO. 14318168 (DETAILS AS PER INVOICE]GIUNTO ROTANTE (MD0075-00052) MATERIAL NO. 14318168 (DETAIL,INDIA,SMS INDIA PRIVATE LIMITED,KOLKATA AIR CARGO (INCCU4),ITALY,GIROL S.R.L.,MILAN,PIECE,5,"$1,242.33",$248.47
27-06-2025,4094383426,84836090,Machinery and Mechanical Appliances,GIUNTO ROTANTE (MD0075-00075 G),INDIA,SMS INDIA PRIVATE LIMITED,BANGLORE AIR CARGO (INBLR4),ITALY,GIROL S.R.L.,MILAN,PIECE,60,"$8,047.27",$134.12
22-10-2025,7675325769,84836090,Machinery and Mechanical Appliances,ROTARY UNION DUAL FLOW (MD0100-00024),INDIA,SMS INDIA PRIVATE LIMITED,BANGLORE AIR CARGO (INBLR4),ITALY,GIROL S.R.L.,,PIECE,110,"$16,095.62",$146.32
27-06-2025,4094380485,84836090,Machinery and Mechanical Appliances,ROTATING UNION DUAL FLOW (MD0100-00024),INDIA,SMS INDIA PRIVATE LIMITED,BANGLORE AIR CARGO (INBLR4),ITALY,GIROL S.R.L.,MILAN,PIECE,50,"$7,185.06",$143.70
09-08-2025,4233651544,84836090,Machinery and Mechanical Appliances,MM0050-00011 ROTATING UNION MONOFLOW 1/2 NA,INDIA,SMS INDIA PRIVATE LIMITED,BANGLORE AIR CARGO (INBLR4),ITALY,GIROL S.R.L.,,ITEM,4,$558.68,$139.67
09-08-2025,4233546577,84836090,Machinery and Mechanical Appliances,MM0050-00011 ROTATING UNION MONOFLOW 1/2 NA,INDIA,SMS INDIA PRIVATE LIMITED,BANGLORE AIR CARGO (INBLR4),ITALY,GIROL S.R.L.,,ITEM,6,$838.02,$139.67
22-10-2025,7675303354,84836090,Machinery and Mechanical Appliances,GUNTO ROTANTE MONOVIA (MM0050-00064),INDIA,SMS INDIA PRIVATE LIMITED,BANGLORE AIR CARGO (INBLR4),ITALY,GIROL S.R.L.,,PIECE,75,"$9,511.05",$126.81
27-06-2025,4094385308,84836090,Machinery and Mechanical Appliances,GUNTO ROTANTE MONOVIA (MM0050-00064),INDIA,SMS INDIA PRIVATE LIMITED,BANGLORE AIR CARGO (INBLR4),ITALY,GIROL S.R.L.,MILAN,PIECE,50,"$6,227.06",$124.54
4/8/2025,1125968110,84669390,Machinery and Mechanical Appliances,ROTARY JOINT NBD3Q-JPF(C) SPARE PARTS,INDIA,RIX INDIA TRADING & SERVICE PRIVATE LIMITED,BOMBAY AIR CARGO (INBOM4),JAPAN,RIX CORP,FUKUOKA,NOS,1,"$2,009.06","$2,009.07"
2/8/2025,1126138063,84559000,Machinery and Mechanical Appliances,OR2218-20A-05 KJC ROTARY JOINT KJC ROTARY JOINT,INDIA,SILADITYA GANGULY,KOLKATA AIR CARGO (INCCU4),SOUTH KOREA,KWANGJIN INDUSTRIAL,BUSAN,NOS,12,$979.39,$81.62
6/8/2025,1126484572,84799090,Machinery and Mechanical Appliances,KJC ROTARY JOINT - OR2218-25A-03,INDIA,QUANTIC TECHNIEX PRIVATE LIMITED,SABARMATI ICD (INSBI6),SOUTH KOREA,KWANGJIN INDUSTRIAL,BUSAN(KOREA),NOS,5,$430.66,$86.13
26/7/2025,4586055867,84799090,Machinery and Mechanical Appliances,KJC ROTARY JOINT OR2218-25A-03,INDIA,QUANTIC TECHNIEX PRIVATE LIMITED,BOMBAY AIR CARGO (INBOM4),SOUTH KOREA,KWANGJIN INDUSTRIAL,SEOUL,NOS,10,$875.72,$87.57
23-08-2024,1046059539,84799090,Machinery and Mechanical Appliances,KJC ROTARY JOINT - OR2218-25A-03,INDIA,QUANTIC TECHNIEX PRIVATE LIMITED,SABARMATI ICD (INSBI6),SOUTH KOREA,KWANGJIN,BUSAN(KOREA),NOS,10,$763.07,$76.31
6/8/2025,1126711183,84799090,Machinery and Mechanical Appliances,KJC ROTARY JOINT - OR2218-50A-02,INDIA,QUANTIC TECHNIEX PRIVATE LIMITED,SABARMATI ICD (INSBI6),SOUTH KOREA,KWANGJIN INDUSTRIAL,BUSAN(KOREA),NOS,3,$621.38,$207.13
6/8/2025,1126492758,84799090,Machinery and Mechanical Appliances,KJC ROTARY JOINT - OR2218-50A-02,INDIA,QUANTIC TECHNIEX PRIVATE LIMITED,SABARMATI ICD (INSBI6),SOUTH KOREA,KWANGJIN INDUSTRIAL,BUSAN(KOREA),NOS,9,"$1,873.38",$208.15
23-08-2024,1046059538,84799090,Machinery and Mechanical Appliances,KJC ROTARY JOINT - OR2218-50A-02,INDIA,QUANTIC TECHNIEX PRIVATE LIMITED,SABARMATI ICD (INSBI6),SOUTH KOREA,KWANGJIN,BUSAN(KOREA),NOS,12,"$2,320.57",$193.38
6/8/2025,1126483397,84799090,Machinery and Mechanical Appliances,KJC ROTARY JOINT - OR2219-25A-03,INDIA,QUANTIC TECHNIEX PRIVATE LIMITED,SABARMATI ICD (INSBI6),SOUTH KOREA,KWANGJIN INDUSTRIAL,BUSAN(KOREA),NOS,5,$430.66,$86.13
26/7/2025,4585927612,84799090,Machinery and Mechanical Appliances,KJC ROTARY JOINT OR2219-25A-03,INDIA,QUANTIC TECHNIEX PRIVATE LIMITED,BOMBAY AIR CARGO (INBOM4),SOUTH KOREA,KWANGJIN INDUSTRIAL,SEOUL,NOS,10,$875.72,$87.57
6/8/2025,1126736347,84799090,Machinery and Mechanical Appliances,KJC ROTARY JOINT - OR2219-50A-02,INDIA,QUANTIC TECHNIEX PRIVATE LIMITED,SABARMATI ICD (INSBI6),SOUTH KOREA,KWANGJIN INDUSTRIAL,BUSAN(KOREA),NOS,3,$621.38,$207.13
6/8/2025,1126443434,84799090,Machinery and Mechanical Appliances,KJC ROTARY JOINT - OR2219-50A-02,INDIA,QUANTIC TECHNIEX PRIVATE LIMITED,SABARMATI ICD (INSBI6),SOUTH KOREA,KWANGJIN INDUSTRIAL,BUSAN(KOREA),NOS,9,"$1,873.38",$208.15
23-08-2024,1046059540,84799090,Machinery and Mechanical Appliances,KJC ROTARY JOINT - OR2219-50A-02,INDIA,QUANTIC TECHNIEX PRIVATE LIMITED,SABARMATI ICD (INSBI6),SOUTH KOREA,KWANGJIN,BUSAN(KOREA),NOS,12,"$2,320.57",$193.38
28-08-2024,1045893175,84559000,Machinery and Mechanical Appliances,OR2228-2-1-2-O32 KJC ROTARY JOINT/ SWIVEL JOINT,INDIA,SILADITYA GANGULY,KOLKATA AIR CARGO (INCCU4),SOUTH KOREA,KWANGJIN,BUSAN,NOS,2,$756.80,$378.40
11-12-2024,6978840825,84559000,Machinery and Mechanical Appliances,OR7205-20A-019-03(NON-DRIVE)KJC ROTARY JOINT/SWIVEL JOINT) KJC ROTARY JOINT/ SWIVEL JOINT,INDIA,SILADITYA GANGULY,KOLKATA AIR CARGO (INCCU4),SOUTH KOREA,KWANGJIN,,NOS,26,"$7,227.39",$277.98
11-12-2024,6978734869,84559000,Machinery and Mechanical Appliances,OR7205-20A-019-04(DRIVE)KJC ROTARY JOINT/SWIVEL JOINT) KJC ROTARY JOINT/ SWIVEL JOINT,INDIA,SILADITYA GANGULY,KOLKATA AIR CARGO (INCCU4),SOUTH KOREA,KWANGJIN,,NOS,3,$898.07,$299.36
04-03-2025,6304500636,84559000,Machinery and Mechanical Appliances,OR7208-20A-O19-07 KJC ROTARY JOINT/ SWIVEL JOINT KJC ROTARY JOINT,INDIA,SILADITYA GANGULY,KOLKATA AIR CARGO (INCCU4),SOUTH KOREA,KWANGJIN INDUSTRIAL,BUSAN,NOS,4,$722.52,$180.63
04-03-2025,6304500636,84559000,Machinery and Mechanical Appliances,OR7208-20A-O19-07 KJC ROTARY JOINT/ SWIVEL JOINT KJC ROTARY JOINT,INDIA,SILADITYA GANGULY,KOLKATA AIR CARGO (INCCU4),SOUTH KOREA,KWANGJIN INDUSTRIAL,BUSAN,NOS,4,$722.52,$180.63
04-03-2025,6304500636,84559000,Machinery and Mechanical Appliances,OR7208-20A-O19-07 KJC ROTARY JOINT/ SWIVEL JOINT KJC ROTARY JOINT,INDIA,SILADITYA GANGULY,KOLKATA AIR CARGO (INCCU4),SOUTH KOREA,KWANGJIN INDUSTRIAL,BUSAN,NOS,4,$722.52,$180.63
04-03-2025,6304500637,84559000,Machinery and Mechanical Appliances,OR7208-25A-O28.5-06 KJC ROTARY JOINT/ SWIVEL JOINT KJC SWIVEL JOINT,INDIA,SILADITYA GANGULY,KOLKATA AIR CARGO (INCCU4),SOUTH KOREA,KWANGJIN INDUSTRIAL,BUSAN,NOS,30,"$7,114.44",$237.15
04-03-2025,6304500637,84559000,Machinery and Mechanical Appliances,OR7208-25A-O28.5-06 KJC ROTARY JOINT/ SWIVEL JOINT KJC SWIVEL JOINT,INDIA,SILADITYA GANGULY,KOLKATA AIR CARGO (INCCU4),SOUTH KOREA,KWANGJIN INDUSTRIAL,BUSAN,NOS,30,"$7,114.44",$237.15
04-03-2025,6304500637,84559000,Machinery and Mechanical Appliances,OR7208-25A-O28.5-06 KJC ROTARY JOINT/ SWIVEL JOINT KJC SWIVEL JOINT,INDIA,SILADITYA GANGULY,KOLKATA AIR CARGO (INCCU4),SOUTH KOREA,KWANGJIN INDUSTRIAL,BUSAN,NOS,30,"$7,114.44",$237.15
04-03-2025,6304500638,84559000,Machinery and Mechanical Appliances,OR7208-25A-O28.5-07 KJC ROTARY JOINT/ SWIVEL JOINT KJC ROTARY JOINT,INDIA,SILADITYA GANGULY,KOLKATA AIR CARGO (INCCU4),SOUTH KOREA,KWANGJIN INDUSTRIAL,BUSAN,NOS,20,"$5,430.02",$271.50
04-03-2025,6304500638,84559000,Machinery and Mechanical Appliances,OR7208-25A-O28.5-07 KJC ROTARY JOINT/ SWIVEL JOINT KJC ROTARY JOINT,INDIA,SILADITYA GANGULY,KOLKATA AIR CARGO (INCCU4),SOUTH KOREA,KWANGJIN INDUSTRIAL,BUSAN,NOS,20,"$5,430.02",$271.50
04-03-2025,6304500638,84559000,Machinery and Mechanical Appliances,OR7208-25A-O28.5-07 KJC ROTARY JOINT/ SWIVEL JOINT KJC ROTARY JOINT,INDIA,SILADITYA GANGULY,KOLKATA AIR CARGO (INCCU4),SOUTH KOREA,KWANGJIN INDUSTRIAL,BUSAN,NOS,20,"$5,430.02",$271.50
28-08-2024,1045893176,84559000,Machinery and Mechanical Appliances,OR7208-25A-O28.5-07 KJC ROTARY JOINT/ SWIVEL JOINT,INDIA,SILADITYA GANGULY,KOLKATA AIR CARGO (INCCU4),SOUTH KOREA,KWANGJIN,BUSAN,NOS,10,"$2,450.00",$245.00
28-08-2024,1045893174,84559000,Machinery and Mechanical Appliances,ORS6411-10A-05 KJC ROTARY JOINT/ SWIVEL JOINT,INDIA,SILADITYA GANGULY,KOLKATA AIR CARGO (INCCU4),SOUTH KOREA,KWANGJIN,BUSAN,NOS,2,$706.00,$353.00
03-09-2024,7991681097,84836090,Machinery and Mechanical Appliances,S20-1300-07R-800 - ROTARY UNION M27X1\5 RH-DOUBLE PASSAGE STAT.SIPHON AS PER INVOICE,INDIA,ROTOFLUX ROTARY JOINTS INDIA PRIVATE LIMITED,CHENNAI AIR CARGO (INMAA4),ITALY,ROTOFLUX ,MILAN,NOS,9,"$2,006.12",$222.90
08-03-2025,1134847636,84836090,Machinery and Mechanical Appliances,S20-1301-01R - ROTARY UNION G 3/4 RH SINGLE PASSAGE AS PERINVOICES20-1301-01R - ROTARY UNION G 3/4 RH SINGLE PASSAGE AS PER,INDIA,ROTOFLUX ROTARY JOINTS INDIA PRIVATE LIMITED,CHENNAI AIR CARGO (INMAA4),ITALY,ROTOFLUX SRL,MILAN,NOS,80,"$10,028.90",$125.36
03-09-2024,7991651533,84836090,Machinery and Mechanical Appliances,S50-1300-01R-810 - ROTARY UNION G 2 RH DOUBLE PASSAGE FOR ROTATING SIPHON AS PER INVOICE,INDIA,ROTOFLUX ROTARY JOINTS INDIA PRIVATE LIMITED,CHENNAI AIR CARGO (INMAA4),ITALY,ROTOFLUX ,MILAN,NOS,11,"$3,298.27",$299.84
03-09-2024,7991650134,84836090,Machinery and Mechanical Appliances,S50-1300-02L-810 - ROTARY UNION G 2 LH DOUBLE PASSAGE FOR ROTATING SIPHON AS PER INVOICE,INDIA,ROTOFLUX ROTARY JOINTS INDIA PRIVATE LIMITED,CHENNAI AIR CARGO (INMAA4),ITALY,ROTOFLUX ,MILAN,NOS,10,"$2,998.44",$299.84
03-09-2024,7991691044,84836090,Machinery and Mechanical Appliances,T15-1302-01R - ROTARY UNION G 1/2 RH SINGLE PASSAGE AS PERINVOICE,INDIA,ROTOFLUX ROTARY JOINTS INDIA PRIVATE LIMITED,CHENNAI AIR CARGO (INMAA4),ITALY,ROTOFLUX ,MILAN,NOS,1,$79.20,$79.20
08-03-2025,1134472473,84836090,Machinery and Mechanical Appliances,T20-1301-01R - ROTARY UNION G 3/4 RH SINGLE PASSAGE AS PERINVOICET20-1301-01R - ROTARY UNION G 3/4 RH SINGLE PASSAGE AS PER,INDIA,ROTOFLUX ROTARY JOINTS INDIA PRIVATE LIMITED,CHENNAI AIR CARGO (INMAA4),ITALY,ROTOFLUX SRL,MILAN,NOS,2,$250.72,$125.36
16-12-2024,6977062606,35069999,Prepared Foodstuff,LOCTITE GASKET LIQUID (HENKEL) SI5460T18 34119-TGB010 ROTARY JOINT AND OTHER PARTS,INDIA,RIX INDIA TRADING & SERVICE PRIVATE LIMITED,BOMBAY AIR CARGO (INBOM4),JAPAN,RIX CORP,FUKUOKA,NOS,4,"$1,554.03",$388.51
16-12-2024,6977165311,82031000,Metals,ID TRIMMING TOOL (TRUSCO) THA200-03 ROTARY JOINT AND OTHER PARTS,INDIA,RIX INDIA TRADING & SERVICE PRIVATE LIMITED,BOMBAY AIR CARGO (INBOM4),JAPAN,RIX CORP,FUKUOKA,NOS,5,$60.70,$12.14
16-12-2024,6977224648,84818090,Machinery and Mechanical Appliances,PISTON VALVE - TPC2312-20JNX (3 WAY PISTON VALVE) ROTARY JOINT AND OTHER PARTS,INDIA,RIX INDIA TRADING & SERVICE PRIVATE LIMITED,BOMBAY AIR CARGO (INBOM4),JAPAN,RIX CORP,FUKUOKA,NOS,10,"$1,534.61",$153.46
16-12-2024,6977226165,84833000,Machinery and Mechanical Appliances,SURFACE FLANGED CARTRIDGE UNIT UCFS312D1 ROTARY JOINT AND OTHER PARTS,INDIA,RIX INDIA TRADING & SERVICE PRIVATE LIMITED,BOMBAY AIR CARGO (INBOM4),JAPAN,RIX CORP,FUKUOKA,NOS,2,$168.03,$84.02
22-08-2025,4233327038,84799090,Machinery and Mechanical Appliances,SEALING FOR 21/2IN DEUBLIN PART#2121485G(SPARE PARTS FOR METALLIZER MACHINE)(FOC)ROTARY UNION 2 1/2IN MODIFICATION PART#430G259(SPARE PARTS F,INDIA,CHIRIPAL POLY FILMS LIMITED,CHENNAI SEA (INMAA1),UNITED KINGDOM,BOBST MANCHESTER LTD,LONDON GATEWAY PARK,PIECE,1,$38.99,$39.00
05-09-2025,5313644927,84836090,Machinery and Mechanical Appliances,GIUNTO ROTANTE (URD252-00150) MATERIAL NO. 15538457 (DETAILS AS PER INVOICE)GIUNTO ROTANTE,INDIA,SMS INDIA PRIVATE LIMITED,BOMBAY AIR CARGO (INBOM4),ITALY,GIROL S.R.L.,,PIECE,2,"$1,835.67",$917.84
05-09-2025,5313580505,84836090,Machinery and Mechanical Appliances,GIUNTO ROTANTE (URD252-00150) MATERIAL NO. 15538457 (DETAILS AS PER INVOICE)GIUNTO ROTANTE,INDIA,SMS INDIA PRIVATE LIMITED,BOMBAY AIR CARGO (INBOM4),ITALY,GIROL S.R.L.,,PIECE,2,"$1,835.67",$917.84
16-12-2024,6977327345,85444999,Machinery and Mechanical Appliances,USB-CAN VN1610 ROTARY JOINT AND OTHER PARTS,INDIA,RIX INDIA TRADING & SERVICE PRIVATE LIMITED,BOMBAY AIR CARGO (INBOM4),JAPAN,RIX CORP,FUKUOKA,NOS,1,$691.42,$691.42
19-12-2024,6977197917,84669390,Machinery and Mechanical Appliances,ROTARY JOINT - WRA6F ROTARY JOINT - WRA6F,INDIA,ACE DESIGNERS LIMITED,ACE DESIGNERS LIMITED,ACE DESIGNERS LIMITED,ACE DESIGNERS LIMITED,ACE DESIGNERS LIMITED,ACE DESIGNERS LIMITED,ACE DESIGNERS LIMITED,ACE DESIGNERS LIMITED,ACE DESIGNERS LIMITED
19-12-2024,6977208232,84669390,Machinery and Mechanical Appliances,ROTARY JOINT - WRA8F ROTARY JOINT - WRA8F,INDIA,ACE DESIGNERS LIMITED,BANGLORE AIR CARGO (INBLR4),JAPAN,PASCAL CORPORATION,TOKYO,NOS,4,"$4,430.38","$1,107.60"
19-12-2024,6977230546,84669390,Machinery and Mechanical Appliances,ROTARY JOINT - WRA8F ROTARY JOINT - WRA8F,INDIA,ACE DESIGNERS LIMITED,BANGLORE AIR CARGO (INBLR4),JAPAN,PASCAL CORPORATION,TOKYO,NOS,2,"$2,215.19","$1,107.60"
2/8/2025,1125578268,84836090,Machinery and Mechanical Appliances,ROTARY UNION\ CODE-Y-D075A030X4\ ITEM - 10/20/30/40/50/60 (FOR CAPTIVE CONSUMPTION)ROTARY UNION\ CODE-Y-D075A030X4\ ITEM - 10/20/30/40/50/60 (F,INDIA,SMS INDIA PRIVATE LIMITED,DELHI AIR CARGO (INDEL4),ITALY,GIROL S.R.L.,,NOS,28,"$7,618.87",$272.10
07-11-2025,4046952060,84836090,Machinery and Mechanical Appliances,GIUNTO ROTANTE MATERIAL NO 10551123,INDIA,SMS INDIA PRIVATE LIMITED,CHENNAI AIR CARGO (INMAA4),ITALY,GIROL S.R.L.,,PIECE,3,"$1,329.50",$443.17
07-11-2025,4046918814,84836090,Machinery and Mechanical Appliances,GIUNTO ROTANTE MATERIAL NO 10551123,INDIA,SMS INDIA PRIVATE LIMITED,CHENNAI AIR CARGO (INMAA4),ITALY,GIROL S.R.L.,,PIECE,11,"$4,874.83",$443.17
16-12-2024,6977235674,84879000,Machinery and Mechanical Appliances,(SPARE PARTS FOR CNC MACHINE FOR METAL WORKING) ROTARY UNION 9525006520(SPARE PARTS FOR CNC MACHINE FOR METAL WORKING) ROTARY UNION,INDIA,JYOTI CNC AUTOMATION LIMITED,BOMBAY AIR CARGO (INBOM4),GERMANY,OTT JAKOB ,FRANKFURT AM MAIN,NOS,10,"$7,688.63",$768.86
16-12-2024,6977225905,84879000,Machinery and Mechanical Appliances,(SPARE PARTS FOR CNC MACHINE FOR METAL WORKING) ROTARY UNION 9526002652(SPARE PARTS FOR CNC MACHINE FOR METAL WORKING) ROTARY UNION,INDIA,JYOTI CNC AUTOMATION LIMITED,BOMBAY AIR CARGO (INBOM4),GERMANY,OTT JAKOB ,FRANKFURT AM MAIN,NOS,3,"$3,322.72","$1,107.58"
16-12-2024,6977147951,68053000,"Articles of Stone, Plaster, Cement, Asbestos, mica or similar",3M ULTRAFINE PAPER (BLUE) 5084ASD #8001000 ROTARY JOINT AND OTHER PARTS,INDIA,RIX INDIA TRADING & SERVICE PRIVATE LIMITED,BOMBAY AIR CARGO (INBOM4),JAPAN,RIX CORP,FUKUOKA,NOS,200,$194.25,$0.97
16-12-2024,6977283852,85365090,Machinery and Mechanical Appliances,CONNECTORS (HARTING K.K.) 09 14 012 3101 ROTARY JOINT AND OTHER PARTS,INDIA,RIX INDIA TRADING & SERVICE PRIVATE LIMITED,BOMBAY AIR CARGO (INBOM4),JAPAN,RIX CORP,FUKUOKA,NOS,2,$4.85,$2.43
16-12-2024,6977290398,85365090,Machinery and Mechanical Appliances,CHECK BOX 6722 ROTARY JOINT AND OTHER PARTS,INDIA,RIX INDIA TRADING & SERVICE PRIVATE LIMITED,BOMBAY AIR CARGO (INBOM4),JAPAN,RIX CORP,FUKUOKA,NOS,1,$917.73,$917.73
16-12-2024,6977274589,85365090,Machinery and Mechanical Appliances,CHECK BOX 6701 ROTARY JOINT AND OTHER PARTS,INDIA,RIX INDIA TRADING & SERVICE PRIVATE LIMITED,BOMBAY AIR CARGO (INBOM4),JAPAN,RIX CORP,FUKUOKA,NOS,1,"$1,206.56","$1,206.56"
16-12-2024,6977359409,85365090,Machinery and Mechanical Appliances,CHECK BOX 6803 ROTARY JOINT AND OTHER PARTS,INDIA,RIX INDIA TRADING & SERVICE PRIVATE LIMITED,BOMBAY AIR CARGO (INBOM4),JAPAN,RIX CORP,FUKUOKA,NOS,1,"$1,690.98","$1,690.99"
03-11-2025,4047422781,84879000,Machinery and Mechanical Appliances,ROTATING UNION .,INDIA,MACO CORPORATION INDIA PRIVATE LIMITED,KOLKATA AIR CARGO (INCCU4),UNITED STATES,DEUBLIN COMPANY 2050,CHICAGO,KGS,1.2,$514.84,$429.04
03-11-2025,4047420597,84879000,Machinery and Mechanical Appliances,ROTATING UNION .,INDIA,MACO CORPORATION INDIA PRIVATE LIMITED,KOLKATA AIR CARGO (INCCU4),ITALY,DEUBLIN ITALIANA SRL,,KGS,57,"$5,359.68",$94.03
03-11-2025,4047416414,84879000,Machinery and Mechanical Appliances,ROTATING UNION .,INDIA,MACO CORPORATION INDIA PRIVATE LIMITED,KOLKATA AIR CARGO (INCCU4),UNITED STATES,DEUBLIN COMPANY 2050,CHICAGO,KGS,3.75,$424.12,$113.10
03-11-2025,4047415865,84879000,Machinery and Mechanical Appliances,ROTATING UNION .,INDIA,MACO CORPORATION INDIA PRIVATE LIMITED,KOLKATA AIR CARGO (INCCU4),UNITED STATES,DEUBLIN COMPANY 2050,CHICAGO,KGS,0.408,$153.19,$375.48
03-11-2025,4047413634,84879000,Machinery and Mechanical Appliances,ROTATING UNION .,INDIA,MACO CORPORATION INDIA PRIVATE LIMITED,KOLKATA AIR CARGO (INCCU4),CHINA,HOERBIGER PRECISION ROTARY,BEIJING,KGS,2.67,$300.22,$112.19
6/8/2025,1126280860,84836090,Machinery and Mechanical Appliances,A08-6551-05L ROTARY UNION M16 X 1\5 LH PT.18 RADIAL AS PER INVOICEA08-6551-05L ROTARY UNION M16 X 1\5 LH PT.18 RADIAL AS PER I,INDIA,ROTOFLUX ROTARY JOINTS INDIA PRIVATE LIMITED,CHENNAI AIR CARGO (INMAA4),ITALY,ROTOFLUX SRL,,NOS,2,$610.63,$305.32
6/8/2025,1126643150,84836090,Machinery and Mechanical Appliances,A10-1773-05L ROTARY UNION M16X1.5 LH PT.18 RADIAL AS PER INVOICEA10-1773-05L ROTARY UNION M16X1.5 LH PT.18 RADIAL AS PER INV,INDIA,ROTOFLUX ROTARY JOINTS INDIA PRIVATE LIMITED,CHENNAI AIR CARGO (INMAA4),ITALY,ROTOFLUX SRL,,NOS,50,"$5,748.64",$114.97
6/8/2025,1126609438,84836090,Machinery and Mechanical Appliances,B10-1726-05L-REV.01 ROTARY UNION M16 X 1\5 LH PT.18 AXIAL SPECIAL - SIC/CG AS PER INVOICEB10-1726-05L-REV.01 ROTARY UNION M16 X 1\5 LH PT.18 AXIAL SP,INDIA,ROTOFLUX ROTARY JOINTS INDIA PRIVATE LIMITED,CHENNAI AIR CARGO (INMAA4),ITALY,ROTOFLUX SRL,,NOS,1,$444.56,$444.56
6/8/2025,1126662975,84836090,Machinery and Mechanical Appliances,BH10-1722-05L ROTARY UNION M16 X 1\5 LH PT.18 SINGLE PASSAGEAXIAL AS PER INVOICEBH10-1722-05L ROTARY UNION M16 X 1\5 LH PT.18 SINGLE PASSAGE,INDIA,ROTOFLUX ROTARY JOINTS INDIA PRIVATE LIMITED,CHENNAI AIR CARGO (INMAA4),ITALY,ROTOFLUX SRL,,NOS,1,$351.30,$351.31
6/8/2025,1126653306,84836090,Machinery and Mechanical Appliances,T06-301-01R ROTARY UNION G 1/4 RH SINGLE PASSAGE AS PER INVOICET06-301-01R ROTARY UNION G 1/4 RH SINGLE PASSAGE AS PER INV,INDIA,ROTOFLUX ROTARY JOINTS INDIA PRIVATE LIMITED,CHENNAI AIR CARGO (INMAA4),ITALY,ROTOFLUX SRL,,NOS,5,$319.36,$63.87